store_id,store_name,city,uf,region,store_format,lat,lon
SP-PIN,LojaBR Pinheiros,São Paulo,SP,Sudeste,Supermercado,-23.566,-46.692
SP-MOE,LojaBR Moema,São Paulo,SP,Sudeste,Supermercado,-23.6,-46.665
SP-TAT,LojaBR Tatuapé,São Paulo,SP,Sudeste,Hipermercado,-23.54,-46.576
SP-CPS,LojaBR Campinas,Campinas,SP,Sudeste,Hipermercado,-22.907,-47.063
SP-STS,LojaBR Santos,Santos,SP,Sudeste,Supermercado,-23.961,-46.334
SP-RPO,LojaBR Ribeirão Preto,Ribeirão Preto,SP,Sudeste,Supermercado,-21.178,-47.81
RJ-BAR,LojaBR Barra da Tijuca,Rio de Janeiro,RJ,Sudeste,Hipermercado,-23.0,-43.365
RJ-TIJ,LojaBR Tijuca,Rio de Janeiro,RJ,Sudeste,Express,-22.925,-43.235
RJ-NIT,LojaBR Niterói,Niterói,RJ,Sudeste,Supermercado,-22.883,-43.103
MG-BHZ,LojaBR Savassi,Belo Horizonte,MG,Sudeste,Supermercado,-19.938,-43.935
PR-CWB,LojaBR Batel,Curitiba,PR,Sul,Supermercado,-25.443,-49.29
RS-POA,LojaBR Moinhos,Porto Alegre,RS,Sul,Supermercado,-30.026,-51.201
SC-FLN,LojaBR Florianópolis,Florianópolis,SC,Sul,Express,-27.595,-48.548
BA-SSA,LojaBR Pituba,Salvador,BA,Nordeste,Hipermercado,-13.005,-38.458
PE-REC,LojaBR Boa Viagem,Recife,PE,Nordeste,Supermercado,-8.119,-34.903
CE-FOR,LojaBR Aldeota,Fortaleza,CE,Nordeste,Supermercado,-3.737,-38.498
DF-BSB,LojaBR Asa Sul,Brasília,DF,Centro-Oeste,Hipermercado,-15.815,-47.895
GO-GYN,LojaBR Setor Bueno,Goiânia,GO,Centro-Oeste,Supermercado,-16.707,-49.271
AM-MAO,LojaBR Adrianópolis,Manaus,AM,Norte,Supermercado,-3.097,-60.013
PA-BEL,LojaBR Umarizal,Belém,PA,Norte,Express,-1.448,-48.489
