sku,product_name,category,supplier_id,unit_price,unit_cost,lead_time_days
MER-001,Arroz Branco Tipo 1 Tio João 5kg,Mercearia,FOR-CD,27.9,20.65,4
MER-002,Arroz Branco Tipo 1 Camil 5kg,Mercearia,FOR-ATC,25.5,18.72,4
MER-003,Feijão Carioca Camil 1kg,Mercearia,FOR-CD,8.9,6.64,3
MER-004,Feijão Preto Kicaldo 1kg,Mercearia,FOR-ATC,9.5,6.89,3
MER-005,Açúcar Refinado União 1kg,Mercearia,FOR-CD,4.99,3.7,5
MER-006,Café Torrado e Moído Pilão 500g,Mercearia,FOR-ATC,18.9,14.87,5
MER-007,Café Extraforte Melitta 500g,Mercearia,FOR-CD,19.5,14.89,4
MER-008,Óleo de Soja Liza 900ml,Mercearia,FOR-ATC,7.89,5.75,4
MER-009,Macarrão Espaguete Renata 500g,Mercearia,FOR-CD,4.59,3.44,4
MER-010,Macarrão Parafuso Barilla 500g,Mercearia,FOR-ATC,7.99,6.1,5
MER-011,Molho de Tomate Heinz 340g,Mercearia,FOR-CD,5.29,4.12,3
MER-012,Extrato de Tomate Elefante 340g,Mercearia,FOR-ATC,6.49,5.14,4
MER-013,Farinha de Trigo Dona Benta 1kg,Mercearia,FOR-CD,5.99,4.41,3
MER-014,Sal Refinado Cisne 1kg,Mercearia,FOR-ATC,2.99,2.22,4
MER-015,Leite Condensado Moça 395g,Mercearia,FOR-CD,7.99,6.16,3
MER-016,Achocolatado em Pó Nescau 400g,Mercearia,FOR-ATC,9.99,7.31,5
MER-017,Biscoito Recheado Oreo 90g,Mercearia,FOR-CD,3.99,2.95,5
MER-018,Biscoito Cream Cracker Piraquê 200g,Mercearia,FOR-ATC,4.49,3.42,3
MER-019,Azeite Extra Virgem Gallo 500ml,Mercearia,FOR-CD,39.9,31.63,4
MER-020,Atum em Óleo Gomes da Costa 170g,Mercearia,FOR-ATC,9.79,7.31,3
MER-021,Maionese Hellmann's 500g,Mercearia,FOR-CD,11.9,8.83,4
MER-022,Aveia em Flocos Quaker 200g,Mercearia,FOR-ATC,6.49,5.01,5
MER-023,Milho Verde em Conserva Quero 200g,Mercearia,FOR-CD,3.99,3.07,3
MER-024,Sardinha em Óleo Coqueiro 125g,Mercearia,FOR-ATC,6.89,5.39,4
MER-025,Granola Tradicional Mãe Terra 800g,Mercearia,FOR-CD,24.9,19.59,5
BEB-001,Cerveja Skol Lata 350ml,Bebidas,FOR-TRP,3.49,2.59,3
BEB-002,Cerveja Heineken Long Neck 330ml,Bebidas,FOR-CD,6.99,4.93,4
BEB-003,Cerveja Brahma Duplo Malte Lata 350ml,Bebidas,FOR-TRP,3.99,2.76,3
BEB-004,Refrigerante Coca-Cola 2L,Bebidas,FOR-CD,10.99,7.73,2
BEB-005,Refrigerante Guaraná Antarctica 2L,Bebidas,FOR-TRP,8.49,5.88,2
BEB-006,Refrigerante Coca-Cola Zero Lata 350ml,Bebidas,FOR-CD,4.29,2.98,4
BEB-007,"Água Mineral Crystal sem Gás 1,5L",Bebidas,FOR-TRP,2.99,2.21,3
BEB-008,Água com Gás São Lourenço 300ml,Bebidas,FOR-CD,3.49,2.46,3
BEB-009,Suco de Uva Del Valle 1L,Bebidas,FOR-TRP,8.99,6.7,2
BEB-010,Suco de Laranja Natural One 900ml,Bebidas,FOR-CD,14.9,11.34,4
BEB-011,Energético Red Bull 250ml,Bebidas,FOR-TRP,9.99,7.05,4
BEB-012,"Chá Matte Leão Limão 1,5L",Bebidas,FOR-CD,6.99,4.91,2
BEB-013,Isotônico Gatorade Limão 500ml,Bebidas,FOR-TRP,5.99,4.33,4
BEB-014,Vinho Tinto Casillero del Diablo 750ml,Bebidas,FOR-CD,59.9,42.78,2
BEB-015,Espumante Chandon Brut 750ml,Bebidas,FOR-TRP,99.9,75.16,2
BEB-016,Água de Coco Kero Coco 1L,Bebidas,FOR-CD,12.9,9.11,3
BEB-017,Cerveja Stella Artois Long Neck 330ml,Bebidas,FOR-TRP,6.49,4.64,3
BEB-018,Refrigerante Fanta Laranja 2L,Bebidas,FOR-CD,8.99,6.27,3
BEB-019,Cerveja Amstel Lata 350ml,Bebidas,FOR-TRP,3.79,2.71,3
BEB-020,Suco em Pó Tang Laranja 18g,Bebidas,FOR-CD,1.29,0.92,4
HOR-001,Banana Prata (kg),Hortifruti,FOR-VVD,6.99,4.89,1
HOR-002,Tomate Italiano (kg),Hortifruti,FOR-VVD,8.49,5.57,2
HOR-003,Batata Inglesa (kg),Hortifruti,FOR-VVD,5.99,3.95,1
HOR-004,Cebola (kg),Hortifruti,FOR-VVD,4.99,3.06,1
HOR-005,Alface Crespa (un),Hortifruti,FOR-VVD,3.49,2.43,1
HOR-006,Maçã Gala (kg),Hortifruti,FOR-VVD,9.99,6.72,2
HOR-007,Laranja Pera (kg),Hortifruti,FOR-VVD,4.49,2.84,1
HOR-008,Limão Tahiti (kg),Hortifruti,FOR-VVD,5.99,3.86,2
HOR-009,Cenoura (kg),Hortifruti,FOR-VVD,4.99,3.16,2
HOR-010,Mamão Formosa (kg),Hortifruti,FOR-VVD,6.49,4.28,1
HOR-011,Abacate (kg),Hortifruti,FOR-VVD,9.99,6.84,2
HOR-012,Morango Bandeja 250g,Hortifruti,FOR-VVD,8.99,6.29,1
HOR-013,Uva Thompson sem Semente 500g,Hortifruti,FOR-VVD,12.9,8.08,1
HOR-014,Manga Palmer (kg),Hortifruti,FOR-VVD,7.99,5.23,2
HOR-015,Brócolis Ninja (un),Hortifruti,FOR-VVD,7.49,4.87,1
HOR-016,Pimentão Verde (kg),Hortifruti,FOR-VVD,9.99,6.86,1
HOR-017,Alho Nacional 200g,Hortifruti,FOR-VVD,6.99,4.58,2
HOR-018,Melancia (kg),Hortifruti,FOR-VVD,2.99,1.98,1
LAT-001,Leite Integral Italac 1L,Laticínios,FOR-SAZ,5.49,4.23,2
LAT-002,Leite Integral Piracanjuba 1L,Laticínios,FOR-CD,5.89,4.65,3
LAT-003,Leite Desnatado Parmalat 1L,Laticínios,FOR-SAZ,5.99,4.82,2
LAT-004,Iogurte Grego Vigor 100g,Laticínios,FOR-CD,3.49,2.62,2
LAT-005,Iogurte Morango Danone 170g,Laticínios,FOR-SAZ,3.99,3.06,3
LAT-006,Requeijão Cremoso Catupiry 200g,Laticínios,FOR-CD,9.99,7.95,3
LAT-007,Manteiga com Sal Aviação 200g,Laticínios,FOR-SAZ,14.9,11.35,3
LAT-008,Queijo Mussarela Fatiado (kg),Laticínios,FOR-CD,49.9,38.21,3
LAT-009,Queijo Prato Fatiado (kg),Laticínios,FOR-SAZ,54.9,43.65,2
LAT-010,Creme de Leite Nestlé 200g,Laticínios,FOR-CD,3.99,3.22,2
LAT-011,Leite Fermentado Yakult 6un,Laticínios,FOR-SAZ,12.9,10.1,3
LAT-012,Margarina Qualy 500g,Laticínios,FOR-CD,8.99,7.19,3
LAT-013,Cream Cheese Philadelphia 150g,Laticínios,FOR-SAZ,12.9,9.99,2
LAT-014,Petit Suisse Danoninho 320g,Laticínios,FOR-CD,9.49,7.6,2
LAT-015,Queijo Parmesão Ralado Faixa Azul 50g,Laticínios,FOR-SAZ,7.99,6.1,3
PAD-001,Pão Francês (kg),Padaria,FOR-PAN,16.9,8.79,1
PAD-002,Pão de Forma Pullman 500g,Padaria,FOR-PAN,9.99,5.59,1
PAD-003,Pão de Forma Integral Wickbold 500g,Padaria,FOR-PAN,11.9,6.34,1
PAD-004,Bisnaguinha Seven Boys 300g,Padaria,FOR-PAN,8.99,4.84,1
PAD-005,Bolo de Fubá Caseiro (un),Padaria,FOR-PAN,14.9,7.89,1
PAD-006,Croissant Manteiga (un),Padaria,FOR-PAN,5.99,3.63,1
PAD-007,Torrada Tradicional Bauducco 142g,Padaria,FOR-PAN,6.49,3.64,1
PAD-008,Sonho de Creme (un),Padaria,FOR-PAN,4.99,3.05,1
PAD-009,Pão Integral Artesanal (un),Padaria,FOR-PAN,12.9,7.11,1
PAD-010,Baguete Tradicional (un),Padaria,FOR-PAN,7.99,4.58,1
PAD-011,Rosca Doce de Coco (un),Padaria,FOR-PAN,9.99,5.97,1
PAD-012,Bolo de Chocolate Fatia (un),Padaria,FOR-PAN,6.99,4.22,1
LIM-001,"Sabão em Pó Omo Lavagem Perfeita 1,6kg",Limpeza,FOR-LMP,29.9,20.69,7
LIM-002,Detergente Ypê Neutro 500ml,Limpeza,FOR-CD,2.49,1.65,4
LIM-003,Amaciante Comfort Concentrado 1L,Limpeza,FOR-LMP,14.9,10.32,5
LIM-004,Água Sanitária Qboa 2L,Limpeza,FOR-CD,6.99,4.84,5
LIM-005,Desinfetante Pinho Sol Original 1L,Limpeza,FOR-LMP,9.99,7.42,4
LIM-006,Esponja Scotch-Brite 3un,Limpeza,FOR-CD,5.99,4.2,7
LIM-007,Papel Toalha Snob 2 Rolos,Limpeza,FOR-LMP,7.99,5.39,4
LIM-008,Limpador Multiuso Veja 500ml,Limpeza,FOR-CD,7.49,5.25,4
LIM-009,Saco de Lixo Dover Roll 50L,Limpeza,FOR-LMP,12.9,9.04,5
LIM-010,Sabão em Barra Ypê 5un,Limpeza,FOR-CD,9.49,6.58,7
LIM-011,Tira Manchas Vanish 450ml,Limpeza,FOR-LMP,16.9,11.87,7
LIM-012,Lustra Móveis Poliflor 200ml,Limpeza,FOR-CD,10.9,7.8,5
LIM-013,Lava Roupas Líquido Brilhante 3L,Limpeza,FOR-LMP,34.9,24.37,7
HIG-001,Papel Higiênico Neve Folha Dupla 12un,Higiene,FOR-HIG,24.9,17.86,5
HIG-002,Papel Higiênico Personal 12un,Higiene,FOR-CD,18.9,12.05,4
HIG-003,Creme Dental Colgate Total 12 90g,Higiene,FOR-HIG,8.99,6.34,7
HIG-004,Sabonete Dove Original 90g,Higiene,FOR-CD,3.99,2.65,5
HIG-005,Shampoo Pantene Restauração 400ml,Higiene,FOR-HIG,22.9,14.95,4
HIG-006,Condicionador Seda 325ml,Higiene,FOR-CD,12.9,8.92,4
HIG-007,Desodorante Rexona Aerosol 150ml,Higiene,FOR-HIG,15.9,10.3,6
HIG-008,Fralda Pampers Confort Sec G 36un,Higiene,FOR-CD,69.9,44.97,5
HIG-009,Absorvente Always Noturno 8un,Higiene,FOR-HIG,12.9,8.11,4
HIG-010,Escova Dental Oral-B 2un,Higiene,FOR-CD,14.9,10.38,4
HIG-011,Aparelho Gillette Prestobarba 3un,Higiene,FOR-HIG,19.9,13.22,4
HIG-012,Sabonete Líquido Protex 250ml,Higiene,FOR-CD,14.9,10.17,5
HIG-013,Hidratante Nivea Milk 400ml,Higiene,FOR-HIG,24.9,15.92,7
HIG-014,Fio Dental Colgate 50m,Higiene,FOR-CD,7.49,5.15,4
CON-001,Pão de Queijo Forno de Minas 400g,Congelados,FOR-FRZ,16.9,12.62,5
CON-002,Pizza Mussarela Sadia 460g,Congelados,FOR-FRZ,21.9,15.96,5
CON-003,Lasanha Bolonhesa Seara 600g,Congelados,FOR-FRZ,19.9,13.82,3
CON-004,Hambúrguer Bovino Sadia 672g,Congelados,FOR-FRZ,24.9,18.85,4
CON-005,Batata Palito McCain 720g,Congelados,FOR-FRZ,22.9,16.84,3
CON-006,"Sorvete Napolitano Kibon 1,5L",Congelados,FOR-FRZ,29.9,20.63,3
CON-007,Empanado de Frango Seara Nuggets 300g,Congelados,FOR-FRZ,14.9,10.58,5
CON-008,Peito de Frango Congelado Sadia (kg),Congelados,FOR-FRZ,24.9,17.39,3
CON-009,Açaí com Guaraná Frooty 1L,Congelados,FOR-FRZ,27.9,20.32,5
CON-010,Legumes Congelados Pratigel 300g,Congelados,FOR-FRZ,9.99,7.44,3
CON-011,Picanha Bovina Resfriada (kg),Congelados,FOR-FRZ,79.9,57.28,5
CON-012,Coxinha de Frango Congelada 1kg,Congelados,FOR-FRZ,29.9,22.13,5
