store_id,sku,supplier_id,order_date,eta_date,qty_units
SP-PIN,MER-001,FOR-CD,2026-09-27,2026-10-01,62
SP-PIN,MER-002,FOR-ATC,2026-09-26,2026-09-30,44
SP-PIN,MER-004,FOR-ATC,2026-09-27,2026-09-30,70
SP-PIN,MER-007,FOR-CD,2026-09-27,2026-10-01,35
SP-PIN,MER-008,FOR-ATC,2026-09-27,2026-10-01,61
SP-PIN,MER-010,FOR-ATC,2026-09-25,2026-09-30,43
SP-PIN,MER-011,FOR-CD,2026-09-25,2026-09-28,114
SP-PIN,MER-012,FOR-ATC,2026-09-24,2026-09-28,26
SP-PIN,MER-014,FOR-ATC,2026-09-24,2026-09-28,39
SP-PIN,MER-015,FOR-CD,2026-09-26,2026-09-29,86
SP-PIN,MER-016,FOR-ATC,2026-09-26,2026-10-01,42
SP-PIN,MER-017,FOR-CD,2026-09-24,2026-09-29,48
SP-PIN,MER-018,FOR-ATC,2026-09-24,2026-09-27,39
SP-PIN,MER-019,FOR-CD,2026-09-26,2026-09-30,23
SP-PIN,MER-021,FOR-CD,2026-09-25,2026-09-29,41
SP-PIN,MER-022,FOR-ATC,2026-09-24,2026-09-29,20
SP-PIN,MER-025,FOR-CD,2026-09-23,2026-09-28,11
SP-PIN,BEB-001,FOR-TRP,2026-09-26,2026-09-29,187
SP-PIN,BEB-004,FOR-CD,2026-09-26,2026-09-28,87
SP-PIN,BEB-005,FOR-TRP,2026-09-26,2026-09-28,67
SP-PIN,BEB-010,FOR-CD,2026-09-25,2026-09-29,40
SP-PIN,BEB-012,FOR-CD,2026-09-26,2026-09-28,55
SP-PIN,BEB-013,FOR-TRP,2026-09-26,2026-09-30,53
SP-PIN,BEB-015,FOR-TRP,2026-09-26,2026-09-28,15
SP-PIN,BEB-019,FOR-TRP,2026-09-26,2026-09-29,80
SP-PIN,BEB-020,FOR-CD,2026-09-25,2026-09-29,63
SP-PIN,HOR-001,FOR-VVD,2026-09-27,2026-09-28,161
SP-PIN,HOR-011,FOR-VVD,2026-09-25,2026-09-27,30
SP-PIN,HOR-014,FOR-VVD,2026-09-26,2026-09-28,51
SP-PIN,HOR-017,FOR-VVD,2026-09-26,2026-09-28,57
