store_id,sku,snapshot_date,on_hand_units,reorder_point,shelf_capacity_units,lost_sales_units,stockout_flag
SP-PIN,MER-001,2026-05-31,62,42,93,0,0
SP-PIN,MER-002,2026-05-31,43,29,66,0,0
SP-PIN,MER-003,2026-05-31,89,71,107,0,0
SP-PIN,MER-004,2026-05-31,35,33,49,0,0
SP-PIN,MER-005,2026-05-31,39,67,67,0,0
SP-PIN,MER-006,2026-05-31,63,74,96,0,0
SP-PIN,MER-007,2026-05-31,26,23,52,0,0
SP-PIN,MER-008,2026-05-31,57,44,69,0,0
SP-PIN,MER-009,2026-05-31,36,58,69,0,0
SP-PIN,MER-010,2026-05-31,33,37,49,0,0
SP-PIN,MER-011,2026-05-31,48,36,53,0,0
SP-PIN,MER-012,2026-05-31,25,17,39,0,0
SP-PIN,MER-013,2026-05-31,36,19,54,0,0
SP-PIN,MER-014,2026-05-31,28,28,43,0,0
SP-PIN,MER-015,2026-05-31,42,41,61,0,0
SP-PIN,MER-016,2026-05-31,28,36,47,0,0
SP-PIN,MER-017,2026-05-31,27,41,54,0,0
SP-PIN,MER-018,2026-05-31,21,22,43,0,0
SP-PIN,MER-019,2026-05-31,14,17,26,0,0
SP-PIN,MER-020,2026-05-31,30,23,46,0,0
SP-PIN,MER-021,2026-05-31,21,30,46,0,0
SP-PIN,MER-022,2026-05-31,21,16,30,0,0
SP-PIN,MER-023,2026-05-31,24,20,39,0,0
SP-PIN,MER-024,2026-05-31,16,20,31,0,0
SP-PIN,MER-025,2026-05-31,13,9,16,0,0
SP-PIN,BEB-001,2026-05-31,121,107,210,0,0
SP-PIN,BEB-002,2026-05-31,105,66,148,0,0
SP-PIN,BEB-003,2026-05-31,114,93,140,0,0
SP-PIN,BEB-004,2026-05-31,89,35,130,0,0
SP-PIN,BEB-005,2026-05-31,69,27,101,0,0
