store_id,sku,sale_date,units_sold,unit_price,promo_flag,revenue
SP-PIN,MER-001,2026-05-31,8,27.9,0,223.2
SP-PIN,MER-002,2026-05-31,17,25.5,0,433.5
SP-PIN,MER-003,2026-05-31,16,8.9,1,142.4
SP-PIN,MER-004,2026-05-31,8,9.5,0,76.0
SP-PIN,MER-005,2026-05-31,5,4.99,0,24.95
SP-PIN,MER-006,2026-05-31,17,18.9,0,321.3
SP-PIN,MER-007,2026-05-31,7,19.5,0,136.5
SP-PIN,MER-008,2026-05-31,6,7.89,0,47.34
SP-PIN,MER-009,2026-05-31,13,4.59,0,59.67
SP-PIN,MER-010,2026-05-31,10,7.99,1,79.9
SP-PIN,MER-011,2026-05-31,3,5.29,0,15.87
SP-PIN,MER-012,2026-05-31,1,6.49,0,6.49
SP-PIN,MER-013,2026-05-31,4,5.99,0,23.96
SP-PIN,MER-014,2026-05-31,8,2.99,0,23.92
SP-PIN,MER-015,2026-05-31,4,7.99,0,31.96
SP-PIN,MER-016,2026-05-31,3,9.99,0,29.97
SP-PIN,MER-017,2026-05-31,6,3.99,0,23.94
SP-PIN,MER-018,2026-05-31,11,4.49,0,49.39
SP-PIN,MER-019,2026-05-31,8,39.9,0,319.2
SP-PIN,MER-020,2026-05-31,8,9.79,0,78.32
SP-PIN,MER-021,2026-05-31,9,11.9,0,107.1
SP-PIN,MER-022,2026-05-31,2,6.49,0,12.98
SP-PIN,MER-023,2026-05-31,5,3.99,0,19.95
SP-PIN,MER-024,2026-05-31,6,6.89,0,41.34
SP-PIN,MER-025,2026-05-31,1,24.9,0,24.9
SP-PIN,BEB-001,2026-05-31,31,3.49,0,108.19
SP-PIN,BEB-002,2026-05-31,15,6.99,0,104.85
SP-PIN,BEB-003,2026-05-31,21,3.99,0,83.79
SP-PIN,BEB-004,2026-05-31,17,10.99,0,186.83
SP-PIN,BEB-005,2026-05-31,16,8.49,0,135.84
