po_id,store_id,sku,supplier_id,order_date,expected_arrival,actual_arrival,qty_units
PO-0000000,RJ-TIJ,HOR-003,FOR-VVD,2026-05-31,2026-06-01,2026-06-01,102
PO-0000001,RJ-TIJ,HOR-015,FOR-VVD,2026-05-31,2026-06-01,2026-06-01,36
PO-0000002,RJ-TIJ,PAD-003,FOR-PAN,2026-05-31,2026-06-01,2026-06-01,29
PO-0000003,RJ-TIJ,PAD-008,FOR-PAN,2026-05-31,2026-06-01,2026-06-01,30
PO-0000004,RJ-TIJ,PAD-012,FOR-PAN,2026-05-31,2026-06-01,2026-06-01,17
PO-0000005,SC-FLN,HOR-001,FOR-VVD,2026-05-31,2026-06-01,2026-06-01,71
PO-0000006,SC-FLN,HOR-004,FOR-VVD,2026-05-31,2026-06-01,2026-06-01,63
PO-0000007,SC-FLN,HOR-005,FOR-VVD,2026-05-31,2026-06-01,2026-06-01,65
PO-0000008,SC-FLN,HOR-010,FOR-VVD,2026-05-31,2026-06-01,2026-06-01,63
PO-0000009,SC-FLN,HOR-012,FOR-VVD,2026-05-31,2026-06-01,2026-06-01,18
PO-0000010,SC-FLN,PAD-002,FOR-PAN,2026-05-31,2026-06-01,2026-06-01,43
PO-0000011,SC-FLN,PAD-003,FOR-PAN,2026-05-31,2026-06-01,2026-06-01,44
PO-0000012,SC-FLN,PAD-004,FOR-PAN,2026-05-31,2026-06-01,2026-06-01,28
PO-0000013,SC-FLN,PAD-007,FOR-PAN,2026-05-31,2026-06-01,2026-06-01,33
PO-0000014,PA-BEL,HOR-001,FOR-VVD,2026-05-31,2026-06-01,2026-06-01,53
PO-0000015,PA-BEL,PAD-005,FOR-PAN,2026-05-31,2026-06-01,2026-06-01,23
PO-0000016,PA-BEL,PAD-006,FOR-PAN,2026-05-31,2026-06-01,2026-06-01,14
PO-0000017,RJ-BAR,HOR-017,FOR-VVD,2026-05-31,2026-06-02,2026-06-02,189
PO-0000018,RJ-TIJ,BEB-004,FOR-CD,2026-05-31,2026-06-02,2026-06-02,70
PO-0000019,RJ-TIJ,BEB-005,FOR-TRP,2026-05-31,2026-06-02,2026-06-02,38
PO-0000020,RJ-TIJ,BEB-012,FOR-CD,2026-05-31,2026-06-02,2026-06-02,18
PO-0000021,RJ-TIJ,BEB-014,FOR-CD,2026-05-31,2026-06-02,2026-06-02,10
PO-0000022,RJ-TIJ,HOR-002,FOR-VVD,2026-05-31,2026-06-02,2026-06-02,87
PO-0000023,RJ-TIJ,HOR-004,FOR-VVD,2026-05-31,2026-06-01,2026-06-02,81
PO-0000024,RJ-TIJ,HOR-005,FOR-VVD,2026-06-01,2026-06-02,2026-06-02,37
PO-0000025,RJ-TIJ,HOR-007,FOR-VVD,2026-06-01,2026-06-02,2026-06-02,37
PO-0000026,RJ-TIJ,HOR-008,FOR-VVD,2026-05-31,2026-06-02,2026-06-02,94
PO-0000027,RJ-TIJ,HOR-009,FOR-VVD,2026-05-31,2026-06-02,2026-06-02,33
PO-0000028,RJ-TIJ,HOR-013,FOR-VVD,2026-06-01,2026-06-02,2026-06-02,28
PO-0000029,RJ-TIJ,HOR-014,FOR-VVD,2026-05-31,2026-06-02,2026-06-02,25
